country,year,PM25
臺南市,2006,40.56521739
臺南市,2007,41.46341463
臺南市,2008,41.80851064
臺南市,2009,39.72916667
臺南市,2010,36.9375
臺南市,2011,36.6875
臺南市,2012,33.19148936
臺南市,2013,36.04166667
